{
  "generated": "2026-04-03T07:30:15.980502+00:00",
  "total_runs": 114,
  "profiles": {
    "clean": {
      "tasks_evaluated": 114,
      "success_rate": 0.6140350877192983,
      "avg_partial_score": 0.7942982456140351,
      "avg_recovery_rate": 1.0,
      "avg_retry_efficiency": 1.0,
      "total_disruptions": 0,
      "total_recovered": 0,
      "avg_extra_tool_calls": 0.0,
      "avg_duration_seconds": 23.59988657387715
    }
  }
}