{
  "generated": "2026-04-03T06:23:25.276427+00:00",
  "total_runs": 114,
  "profiles": {
    "clean": {
      "tasks_evaluated": 114,
      "success_rate": 0.37719298245614036,
      "avg_partial_score": 0.5789473684210527,
      "avg_recovery_rate": 1.0,
      "avg_retry_efficiency": 1.0,
      "total_disruptions": 0,
      "total_recovered": 0,
      "avg_extra_tool_calls": 0.0,
      "avg_duration_seconds": 7.768799337321533
    }
  }
}