{
  "generated": "2026-04-03T06:26:08.662084+00:00",
  "total_runs": 114,
  "profiles": {
    "clean": {
      "tasks_evaluated": 114,
      "success_rate": 0.39473684210526316,
      "avg_partial_score": 0.5978070175438597,
      "avg_recovery_rate": 1.0,
      "avg_retry_efficiency": 1.0,
      "total_disruptions": 0,
      "total_recovered": 0,
      "avg_extra_tool_calls": 0.0,
      "avg_duration_seconds": 9.589166643343082
    }
  }
}