{
  "generated": "2026-04-03T06:45:09.098753+00:00",
  "total_runs": 114,
  "profiles": {
    "clean": {
      "tasks_evaluated": 114,
      "success_rate": 0.07017543859649122,
      "avg_partial_score": 0.029385964912280703,
      "avg_recovery_rate": 1.0,
      "avg_retry_efficiency": 1.0,
      "total_disruptions": 0,
      "total_recovered": 0,
      "avg_extra_tool_calls": 0.0,
      "avg_duration_seconds": 0.1266009484906885
    }
  }
}