{
  "generated": "2026-04-03T06:49:02.352728+00:00",
  "total_runs": 342,
  "profiles": {
    "clean": {
      "tasks_evaluated": 342,
      "success_rate": 0.3742690058479532,
      "avg_partial_score": 0.5853801169590643,
      "avg_recovery_rate": 1.0,
      "avg_retry_efficiency": 1.0,
      "total_disruptions": 0,
      "total_recovered": 0,
      "avg_extra_tool_calls": 0.0,
      "avg_duration_seconds": 7.747028115606963
    }
  }
}